<botcomponent_connectionreferenceset>
  <botcomponent_connectionreference botcomponentid.schemaname="copilots_header_lop_AccessProvisioner.action.MicrosoftDataverse-MicrosoftDataverseMCPServer" connectionreferenceid.connectionreferencelogicalname="copilots_header_lop_AccessProvisioner.shared_commondataserviceforapps.4d51dc6bba614c948b085e410cc3e49c">
    <iscustomizable>1</iscustomizable>
  </botcomponent_connectionreference>
  <botcomponent_connectionreference botcomponentid.schemaname="copilots_header_lop_TicketManager.action.MicrosoftDataverse-MicrosoftDataverseMCPServer" connectionreferenceid.connectionreferencelogicalname="copilots_header_lop_TicketManager.shared_commondataserviceforapps.4d51dc6bba614c948b085e410cc3e49c">
    <iscustomizable>1</iscustomizable>
  </botcomponent_connectionreference>
</botcomponent_connectionreferenceset>